player_name,team_abbreviation,age,player_height,player_weight,college,country,draft_year,draft_round,draft_number,gp,pts,reb,ast,net_rating,oreb_pct,dreb_pct,usg_pct,ts_pct,ast_pct,season
Joel Embiid,PHI,29,213.36,127.00576,Kansas,Cameroon,2014,1,3,66,33.1,10.2,4.2,8.8,0.057,0.243,0.37,0.655,0.233,2022-23
Luka Doncic,DAL,24,200.66,104.32616,None,Slovenia,2018,1,3,66,32.4,8.6,8,2.1,0.024,0.224,0.368,0.609,0.408,2022-23
Damian Lillard,POR,32,187.96,88.45044,Weber State,USA,2012,1,6,58,32.2,4.8,7.3,2.1,0.022,0.112,0.331,0.645,0.338,2022-23
Shai Gilgeous-Alexander,OKC,24,198.12,88.45044,Kentucky,Canada,2018,1,11,68,31.4,4.8,5.5,2.7,0.023,0.109,0.318,0.626,0.249,2022-23
Giannis Antetokounmpo,MIL,28,213.36,110.222856,None,Greece,2013,1,15,63,31.1,11.8,5.7,7.2,0.065,0.268,0.373,0.605,0.314,2022-23
Jayson Tatum,BOS,25,203.2,95.25432,Duke,USA,2017,1,3,74,30.1,8.8,4.6,8.5,0.029,0.2,0.319,0.607,0.205,2022-23
Stephen Curry,GSW,35,187.96,83.91452,Davidson,USA,2009,1,7,56,29.4,6.1,6.3,5.8,0.02,0.147,0.297,0.656,0.274,2022-23
Kevin Durant,PHX,34,208.28,108.86208,Texas,USA,2007,1,2,47,29.1,6.7,5,6.8,0.012,0.166,0.305,0.677,0.228,2022-23
LeBron James,LAL,38,205.74,113.398,None,USA,2003,1,1,55,28.9,8.3,6.8,4.6,0.033,0.191,0.322,0.583,0.308,2022-23
Donovan Mitchell,CLE,26,185.42,97.52228,Louisville,USA,2017,1,13,68,28.3,4.3,4.4,5.9,0.027,0.097,0.31,0.614,0.205,2022-23
Devin Booker,PHX,26,195.58,93.439952,Kentucky,USA,2015,1,13,53,27.8,4.5,5.5,6.2,0.025,0.105,0.311,0.601,0.251,2022-23
Kyrie Irving,DAL,31,187.96,88.45044,Duke,Australia,2011,1,1,60,27.1,5.1,5.5,4.7,0.029,0.107,0.286,0.613,0.233,2022-23
Jaylen Brown,BOS,26,198.12,101.151016,California,USA,2016,1,3,67,26.6,6.9,3.5,5.4,0.032,0.152,0.307,0.581,0.163,2022-23
Trae Young,ATL,24,185.42,74.389088,Oklahoma,USA,2018,1,5,73,26.2,3,10.2,1.3,0.021,0.062,0.313,0.573,0.414,2022-23
Ja Morant,MEM,23,187.96,78.925008,Murray State,USA,2019,1,2,61,26.2,5.9,8.1,7.3,0.029,0.139,0.338,0.557,0.412,2022-23
Zion Williamson,NOP,22,198.12,128.820128,Duke,USA,2019,1,1,29,26,7,4.6,7.8,0.06,0.148,0.288,0.652,0.231,2022-23
Anthony Davis,LAL,30,208.28,114.758776,Kentucky,USA,2012,1,1,56,25.9,12.5,2.6,4.8,0.102,0.248,0.277,0.627,0.128,2022-23
Lauri Markkanen,UTA,26,213.36,108.86208,Arizona,Finland,2017,1,7,66,25.6,8.6,1.9,3.8,0.055,0.183,0.259,0.641,0.086,2022-23
Julius Randle,NYK,28,203.2,113.398,Kentucky,USA,2014,1,7,77,25.1,10,4.1,2.7,0.05,0.226,0.288,0.581,0.184,2022-23
De'Aaron Fox,SAC,25,190.5,83.91452,Kentucky,USA,2017,1,5,73,25,4.2,6.1,3.1,0.017,0.111,0.288,0.599,0.281,2022-23
Zach LaVine,CHI,28,195.58,90.7184,UCLA,USA,2014,1,13,77,24.8,4.5,4.2,0.3,0.016,0.108,0.278,0.607,0.187,2022-23
Brandon Ingram,NOP,25,203.2,86.18248,Duke,USA,2016,1,2,45,24.7,5.5,5.8,3,0.015,0.145,0.306,0.582,0.277,2022-23
Anthony Edwards,MIN,21,193.04,102.0582,Georgia,USA,2020,1,1,79,24.6,5.8,4.4,1.9,0.017,0.139,0.292,0.564,0.192,2022-23
Nikola Jokic,DEN,28,210.82,128.820128,None,Serbia,2014,2,41,69,24.5,11.8,9.8,12.5,0.08,0.283,0.263,0.701,0.412,2022-23
DeMar DeRozan,CHI,33,198.12,99.79024,Southern California,USA,2009,1,9,74,24.5,4.6,5.1,1.5,0.013,0.116,0.272,0.592,0.222,2022-23
Pascal Siakam,TOR,29,203.2,104.32616,New Mexico State,Cameroon,2016,1,27,71,24.2,7.8,5.8,2.4,0.047,0.177,0.27,0.565,0.244,2022-23
Jalen Brunson,NYK,26,187.96,86.18248,Villanova,USA,2018,2,33,68,24,3.5,6.2,2.1,0.016,0.085,0.266,0.597,0.28,2022-23
Paul George,LAC,33,203.2,99.79024,Fresno State,USA,2010,1,10,56,23.8,6.1,5.1,4,0.025,0.153,0.294,0.588,0.237,2022-23
Kawhi Leonard,LAC,32,200.66,102.0582,San Diego State,USA,2011,1,15,52,23.8,6.5,3.9,6.1,0.034,0.16,0.267,0.623,0.19,2022-23
LaMelo Ball,CHA,21,200.66,81.64656,None,USA,2020,1,3,36,23.3,6.4,8.4,-4.7,0.031,0.147,0.289,0.541,0.352,2022-23
Bradley Beal,WAS,30,193.04,93.893544,Florida,USA,2012,1,3,50,23.2,3.9,5.4,0.7,0.026,0.091,0.288,0.593,0.26,2022-23
Kristaps Porzingis,WAS,27,220.98,108.86208,None,Latvia,2015,1,4,65,23.2,8.4,2.7,1.4,0.057,0.194,0.272,0.627,0.125,2022-23
Jimmy Butler,MIA,33,200.66,104.32616,Marquette,USA,2011,1,30,64,22.9,5.9,5.3,1.2,0.068,0.121,0.248,0.647,0.264,2022-23
Jalen Green,HOU,21,193.04,84.368112,None,USA,2021,1,2,76,22.1,3.7,3.7,-8.7,0.016,0.093,0.274,0.538,0.169,2022-23
Keldon Johnson,SAS,23,195.58,99.79024,Kentucky,USA,2019,1,29,63,22,5,2.9,-11.3,0.025,0.133,0.273,0.551,0.137,2022-23
Klay Thompson,GSW,33,198.12,99.79024,Washington State,USA,2011,1,11,69,21.9,4.1,2.4,2.9,0.017,0.101,0.256,0.576,0.105,2022-23
Darius Garland,CLE,23,185.42,87.089664,Vanderbilt,USA,2019,1,5,69,21.6,2.7,7.8,8,0.012,0.067,0.262,0.587,0.328,2022-23
Bojan Bogdanovic,DET,34,200.66,102.511792,None,Croatia,2011,2,31,59,21.6,3.8,2.6,-8.2,0.018,0.099,0.251,0.627,0.133,2022-23
Desmond Bane,MEM,25,195.58,97.52228,TCU,USA,2020,1,30,58,21.5,5,4.4,9,0.022,0.123,0.252,0.606,0.202,2022-23
Kyle Kuzma,WAS,27,205.74,100.243832,Utah,USA,2017,1,27,64,21.2,7.2,3.7,0.3,0.025,0.172,0.273,0.544,0.164,2022-23
Terry Rozier,CHA,29,185.42,86.18248,Louisville,USA,2015,1,16,63,21.1,4.1,5.1,-6.2,0.021,0.095,0.262,0.517,0.22,2022-23
Anfernee Simons,POR,24,190.5,82.100152,None,USA,2018,1,24,62,21.1,2.6,4.1,-1.6,0.008,0.067,0.247,0.581,0.186,2022-23
James Harden,PHI,33,195.58,99.79024,Arizona State,USA,2009,1,3,58,21,6.1,10.7,6.1,0.021,0.151,0.247,0.607,0.439,2022-23
CJ McCollum,NOP,31,190.5,86.18248,Lehigh,USA,2013,1,10,75,20.9,4.4,5.7,1.1,0.021,0.104,0.26,0.541,0.242,2022-23
Karl-Anthony Towns,MIN,27,213.36,112.490816,Kentucky,USA,2015,1,1,29,20.8,8.1,4.8,1.8,0.05,0.181,0.25,0.618,0.225,2022-23
Jordan Clarkson,UTA,31,195.58,87.996848,Missouri,USA,2014,2,46,61,20.8,4,4.4,0.8,0.036,0.083,0.273,0.558,0.209,2022-23
Tyrese Haliburton,IND,23,195.58,83.91452,Iowa State,USA,2020,1,12,56,20.7,3.7,10.4,-1,0.018,0.092,0.238,0.624,0.457,2022-23
Dejounte Murray,ATL,26,195.58,81.64656,Washington,USA,2016,1,29,74,20.5,5.3,6.1,-1.1,0.019,0.127,0.239,0.54,0.239,2022-23
Jerami Grant,POR,29,203.2,95.25432,Syracuse,USA,2014,2,39,63,20.5,4.5,2.4,-1.2,0.025,0.104,0.227,0.606,0.103,2022-23
Bam Adebayo,MIA,25,205.74,115.66596,Kentucky,USA,2017,1,14,75,20.4,9.2,3.2,1.8,0.073,0.206,0.251,0.592,0.154,2022-23
Jordan Poole,GSW,24,193.04,87.996848,Michigan,USA,2019,1,28,82,20.4,2.7,4.5,-0.8,0.013,0.073,0.282,0.573,0.234,2022-23
Tyrese Maxey,PHI,22,187.96,90.7184,Kentucky,USA,2020,1,21,60,20.3,2.9,3.5,5.4,0.012,0.079,0.236,0.605,0.167,2022-23
Kelly Oubre Jr.,CHA,27,198.12,92.079176,Kansas,USA,2015,1,15,48,20.3,5.2,1.1,-7.7,0.038,0.121,0.257,0.534,0.057,2022-23
Mikal Bridges,BKN,26,198.12,94.800728,Villanova,USA,2018,1,10,83,20.1,4.4,3.3,0.8,0.026,0.094,0.223,0.587,0.141,2022-23
Tyler Herro,MIA,23,195.58,88.45044,Kentucky,USA,2019,1,13,67,20.1,5.4,4.2,2.7,0.012,0.154,0.25,0.566,0.19,2022-23
Paolo Banchero,ORL,20,208.28,113.398,Duke,USA,2022,1,1,72,20,6.9,3.7,-4.2,0.035,0.174,0.272,0.529,0.171,2022-23
Louis King,PHI,24,200.66,92.98636,Oregon,USA,Undrafted,Undrafted,Undrafted,1,20,4,2,5.2,0.067,0.074,0.205,0.744,0.091,2022-23
Jamal Murray,DEN,26,193.04,97.52228,Kentucky,Canada,2016,1,7,65,20,4,6.2,6.4,0.024,0.099,0.256,0.571,0.265,2022-23
Cade Cunningham,DET,21,200.66,99.79024,Oklahoma State,USA,2021,1,1,12,19.9,6.2,6,-6.1,0.027,0.148,0.287,0.492,0.306,2022-23
RJ Barrett,NYK,23,198.12,97.068688,Duke,Canada,2019,1,3,73,19.6,5,2.8,-1.2,0.023,0.121,0.256,0.531,0.124,2022-23
Fred VanVleet,TOR,29,182.88,89.357624,Wichita State,USA,Undrafted,Undrafted,Undrafted,69,19.3,4.1,7.2,3.3,0.011,0.11,0.225,0.54,0.276,2022-23
Jrue Holiday,MIL,33,195.58,92.98636,UCLA,USA,2009,1,17,67,19.3,5.1,7.4,9.2,0.035,0.107,0.244,0.586,0.321,2022-23
Kevin Porter Jr.,HOU,23,193.04,92.079176,Southern California,USA,2019,1,30,59,19.2,5.3,5.7,-8.3,0.036,0.117,0.239,0.565,0.26,2022-23
Domantas Sabonis,SAC,27,215.9,108.86208,Gonzaga,Lithuania,2016,1,11,79,19.1,12.3,7.3,3.9,0.096,0.275,0.213,0.668,0.297,2022-23
Franz Wagner,ORL,21,208.28,99.79024,Michigan,Germany,2021,1,8,80,18.6,4.1,3.5,1.2,0.027,0.098,0.23,0.589,0.167,2022-23
Jaren Jackson Jr.,MEM,23,208.28,109.769264,Michigan State,USA,2018,1,4,63,18.6,6.8,1,9.8,0.058,0.159,0.243,0.613,0.048,2022-23
Devin Vassell,SAS,22,195.58,90.7184,Florida State,USA,2020,1,11,38,18.5,3.9,3.6,-11.7,0.006,0.125,0.24,0.55,0.173,2022-23
Myles Turner,IND,27,210.82,113.398,Texas,USA,2015,1,11,62,18,7.5,1.4,-1.2,0.049,0.205,0.225,0.651,0.074,2022-23
Deandre Ayton,PHX,24,213.36,113.398,Arizona,Bahamas,2018,1,1,67,18,10,1.7,0,0.084,0.247,0.231,0.617,0.09,2022-23
D'Angelo Russell,LAL,27,193.04,87.543256,Ohio State,USA,2015,1,2,71,17.8,3,6.2,1.5,0.016,0.075,0.225,0.605,0.274,2022-23
Nikola Vucevic,CHI,32,208.28,117.93392,Southern California,Montenegro,2011,1,16,82,17.6,11,3.2,-0.5,0.062,0.274,0.218,0.594,0.146,2022-23
Michael Porter Jr.,DEN,25,208.28,98.883056,Missouri,USA,2018,1,14,62,17.4,5.5,1,10.4,0.038,0.151,0.22,0.621,0.048,2022-23
Gary Trent Jr.,TOR,24,195.58,94.800728,Duke,USA,2018,2,37,66,17.4,2.6,1.6,-2.1,0.013,0.073,0.209,0.56,0.075,2022-23
Spencer Dinwiddie,BKN,30,195.58,97.52228,Colorado,USA,2014,2,38,79,17.3,3.4,6.5,-0.1,0.01,0.092,0.22,0.573,0.297,2022-23
Andrew Wiggins,GSW,28,200.66,89.357624,Kansas,Canada,2014,1,1,37,17.1,5,2.3,5.2,0.05,0.101,0.212,0.564,0.1,2022-23
Norman Powell,LAC,30,193.04,97.52228,UCLA,USA,2015,2,46,60,17,2.9,1.8,-3.8,0.015,0.093,0.251,0.612,0.115,2022-23
O.G. Anunoby,TOR,25,200.66,105.233344,Indiana,United Kingdom,2017,1,23,67,16.8,5,2,3,0.037,0.11,0.192,0.586,0.08,2022-23
Buddy Hield,IND,30,193.04,99.79024,Oklahoma,Bahamas,2016,1,6,80,16.8,5,2.8,-1.9,0.027,0.132,0.205,0.614,0.131,2022-23
Bennedict Mathurin,IND,21,195.58,95.25432,Arizona,Canada,2022,1,6,78,16.7,4.1,1.5,-4.3,0.037,0.103,0.235,0.566,0.078,2022-23
Christian Wood,DAL,27,205.74,97.068688,UNLV,USA,Undrafted,Undrafted,Undrafted,67,16.6,7.3,1.8,-1.3,0.053,0.238,0.259,0.624,0.119,2022-23
Josh Giddey,OKC,20,203.2,97.975872,None,Australia,2021,1,6,76,16.6,7.9,6.2,-2.2,0.058,0.189,0.239,0.533,0.293,2022-23
Aaron Gordon,DEN,27,203.2,106.59412,Arizona,USA,2014,1,4,68,16.3,6.6,3,12.1,0.086,0.136,0.206,0.617,0.129,2022-23
Jaden Ivey,DET,21,193.04,88.45044,Purdue,USA,2022,1,5,74,16.3,3.9,5.2,-13,0.03,0.094,0.251,0.528,0.269,2022-23
Evan Mobley,CLE,22,210.82,97.52228,Southern California,USA,2021,1,3,79,16.2,9,2.8,6.5,0.073,0.2,0.199,0.591,0.122,2022-23
RaiQuan Gray,BKN,23,200.66,122.016248,Florida State,USA,2021,2,59,1,16,9,7,-17.5,0.075,0.176,0.205,0.621,0.35,2022-23
Russell Westbrook,LAC,34,190.5,90.7184,UCLA,USA,2008,1,4,73,15.9,5.8,7.5,-0.2,0.042,0.147,0.266,0.513,0.364,2022-23
Brook Lopez,MIL,35,215.9,127.912944,Stanford,USA,2008,1,10,78,15.9,6.7,1.3,7.1,0.064,0.135,0.187,0.63,0.06,2022-23
P.J. Washington,CHA,24,200.66,104.32616,Kentucky,USA,2019,1,12,73,15.7,4.9,2.4,-7.2,0.028,0.118,0.2,0.542,0.107,2022-23
Cameron Johnson,BKN,27,203.2,95.25432,North Carolina,USA,2019,1,11,42,15.5,4.4,1.9,6.6,0.029,0.12,0.202,0.617,0.099,2022-23
De'Andre Hunter,ATL,25,203.2,100.243832,Virginia,USA,2019,1,4,67,15.4,4.2,1.4,-0.6,0.021,0.112,0.193,0.563,0.059,2022-23
Scottie Barnes,TOR,21,203.2,102.0582,Florida State,USA,2021,1,4,77,15.3,6.6,4.8,3.2,0.063,0.135,0.2,0.524,0.195,2022-23
Skylar Mays,POR,25,193.04,92.98636,Louisiana State,USA,2020,2,50,6,15.3,3.2,8.3,-16.3,0.01,0.097,0.182,0.624,0.368,2022-23
Wendell Carter Jr.,ORL,24,208.28,122.46984,Duke,USA,2018,1,7,57,15.2,8.7,2.3,-0.8,0.074,0.221,0.204,0.621,0.119,2022-23
Kevin Huerter,SAC,24,200.66,89.811216,Maryland,USA,2018,1,19,75,15.2,3.3,2.9,4.5,0.02,0.1,0.197,0.617,0.137,2022-23
Khris Middleton,MIL,31,200.66,100.697424,Texas A&M,USA,2012,2,39,33,15.1,4.2,4.9,6.1,0.034,0.122,0.259,0.551,0.288,2022-23
Harrison Barnes,SAC,31,203.2,102.0582,North Carolina,USA,2012,1,7,82,15,4.5,1.6,4.8,0.034,0.107,0.168,0.632,0.063,2022-23
Immanuel Quickley,NYK,24,187.96,86.18248,Kentucky,USA,2020,1,25,81,14.9,4.2,3.4,6.2,0.024,0.11,0.203,0.578,0.178,2022-23
Malcolm Brogdon,BOS,30,193.04,103.872568,Virginia,USA,2016,2,36,67,14.9,4.2,3.7,5.1,0.024,0.132,0.223,0.615,0.223,2022-23
Alperen Sengun,HOU,20,210.82,110.222856,None,Turkey,2021,1,16,75,14.8,9,3.9,-7.8,0.107,0.204,0.211,0.599,0.199,2022-23
Tobias Harris,PHI,30,200.66,102.511792,Tennessee,USA,2011,1,19,74,14.7,5.7,2.5,5.5,0.03,0.15,0.18,0.602,0.114,2022-23
Gordon Hayward,CHA,33,200.66,102.0582,Butler,USA,2010,1,9,50,14.7,4.3,4.1,-3.3,0.02,0.112,0.196,0.563,0.187,2022-23
Trey Murphy III,NOP,23,203.2,93.439952,Virginia,USA,2021,1,17,79,14.5,3.6,1.4,0.5,0.025,0.092,0.159,0.65,0.063,2022-23
Tim Hardaway Jr.,DAL,31,195.58,92.98636,Michigan,USA,2013,1,24,71,14.4,3.5,1.8,3.4,0.01,0.108,0.201,0.554,0.088,2022-23
Dillon Brooks,MEM,27,198.12,102.0582,Oregon,Canada,2017,2,45,73,14.3,3.3,2.6,4.9,0.019,0.084,0.214,0.494,0.117,2022-23
Collin Sexton,UTA,24,187.96,86.18248,Alabama,USA,2018,1,8,48,14.3,2.2,2.9,0.1,0.032,0.056,0.23,0.616,0.178,2022-23
Jarrett Allen,CLE,25,205.74,110.222856,Texas,USA,2017,1,22,68,14.3,9.8,1.7,7.7,0.107,0.21,0.162,0.67,0.073,2022-23
Bobby Portis,MIL,28,210.82,113.398,Arkansas,USA,2015,1,22,70,14.1,9.6,1.5,-0.1,0.08,0.263,0.211,0.575,0.087,2022-23
Jalen Williams,OKC,22,195.58,95.707912,Santa Clara,USA,2022,1,12,75,14.1,4.5,3.3,-1,0.035,0.109,0.18,0.601,0.152,2022-23
Jonas Valanciunas,NOP,31,210.82,120.20188,None,Lithuania,2011,1,5,79,14.1,10.2,1.8,-0.7,0.115,0.293,0.229,0.61,0.108,2022-23
Bogdan Bogdanovic,ATL,30,195.58,102.0582,None,Serbia,2014,1,27,54,14,3.1,2.8,1.2,0.015,0.093,0.196,0.586,0.134,2022-23
Markelle Fultz,ORL,25,193.04,94.800728,Washington,USA,2017,1,1,60,14,3.9,5.7,-3.7,0.038,0.095,0.208,0.564,0.29,2022-23
Chris Paul,PHX,38,182.88,79.3786,Wake Forest,USA,2005,1,4,59,13.9,4.3,8.9,2.3,0.014,0.118,0.195,0.555,0.389,2022-23
Saddiq Bey,ATL,24,200.66,97.52228,Villanova,USA,2020,1,19,77,13.8,4.7,1.5,-3.1,0.044,0.127,0.194,0.564,0.08,2022-23
Luguentz Dort,OKC,24,193.04,99.79024,Arizona State,Canada,Undrafted,Undrafted,Undrafted,74,13.7,4.6,2.1,0.9,0.053,0.092,0.194,0.513,0.09,2022-23
Malik Monk,SAC,25,190.5,90.7184,Kentucky,USA,2017,1,11,77,13.5,2.6,3.9,1,0.019,0.097,0.247,0.587,0.258,2022-23
Rudy Gobert,MIN,31,215.9,117.026736,None,France,2013,1,27,70,13.4,11.6,1.2,0.4,0.111,0.26,0.161,0.675,0.058,2022-23
Jusuf Nurkic,POR,28,213.36,131.54168,None,Bosnia and Herzegovina,2014,1,16,52,13.3,9.1,2.9,0.3,0.084,0.258,0.218,0.589,0.16,2022-23
Kris Dunn,UTA,29,190.5,92.98636,Providence,USA,2016,1,5,22,13.2,4.5,5.6,-4.3,0.015,0.148,0.195,0.606,0.315,2022-23
John Collins,ATL,25,205.74,102.511792,Wake Forest,USA,2017,1,19,71,13.1,6.5,1.2,-0.2,0.035,0.18,0.168,0.593,0.052,2022-23
Austin Reaves,LAL,25,195.58,89.357624,Oklahoma,USA,Undrafted,Undrafted,Undrafted,64,13,3,3.4,4.9,0.018,0.079,0.154,0.687,0.155,2022-23
Cole Anthony,ORL,23,190.5,83.91452,North Carolina,USA,2020,1,15,60,13,4.8,3.9,-0.1,0.03,0.152,0.209,0.57,0.228,2022-23
Tre Jones,SAS,23,185.42,83.91452,Duke,USA,2020,2,41,68,12.9,3.6,6.6,-7.8,0.026,0.099,0.189,0.534,0.306,2022-23
Alec Burks,DET,31,198.12,97.068688,Colorado,USA,2011,1,12,51,12.8,3.1,2.2,-1,0.017,0.124,0.218,0.602,0.15,2022-23
Jabari Smith Jr.,HOU,20,210.82,99.79024,Auburn,USA,2022,1,3,79,12.8,7.2,1.3,-11.3,0.047,0.18,0.183,0.514,0.059,2022-23
Kenyon Martin Jr.,HOU,22,200.66,97.52228,None,USA,2020,2,52,82,12.7,5.5,1.5,-8,0.052,0.143,0.16,0.635,0.079,2022-23
Malik Beasley,LAL,26,193.04,84.821704,Florida State,USA,2016,1,19,81,12.7,3.5,1.5,-2.2,0.016,0.116,0.207,0.531,0.086,2022-23
Nic Claxton,BKN,24,210.82,97.52228,Georgia,USA,2019,2,31,76,12.6,9.2,1.9,3.7,0.088,0.213,0.155,0.691,0.091,2022-23
Dennis Schroder,LAL,29,185.42,78.017824,None,Germany,2013,1,17,66,12.6,2.5,4.5,2.8,0.011,0.067,0.183,0.545,0.202,2022-23
Kelly Olynyk,UTA,32,210.82,108.86208,Gonzaga,Canada,2013,1,13,68,12.5,6.2,3.7,0.4,0.042,0.164,0.176,0.643,0.173,2022-23
Mac McClung,PHI,24,187.96,83.91452,Texas Tech,USA,Undrafted,Undrafted,Undrafted,2,12.5,5,4.5,19.6,0.073,0.152,0.243,0.563,0.29,2022-23
Jakob Poeltl,TOR,27,215.9,111.13004,Utah,Austria,2016,1,9,72,12.5,9.1,2.7,-3.1,0.117,0.24,0.18,0.635,0.146,2022-23
Derrick White,BOS,28,193.04,86.18248,Colorado,USA,2017,1,29,82,12.4,3.6,3.9,11,0.023,0.098,0.174,0.604,0.191,2022-23
Eric Gordon,LAC,34,190.5,97.52228,Indiana,USA,2008,1,7,69,12.4,1.9,2.7,-5.8,0.008,0.059,0.171,0.587,0.133,2022-23
Keegan Murray,SAC,22,203.2,102.0582,Iowa,USA,2022,1,4,80,12.2,4.6,1.2,1.7,0.038,0.123,0.156,0.597,0.053,2022-23
Caris LeVert,CLE,28,198.12,92.98636,Michigan,USA,2016,1,20,74,12.1,3.8,3.9,4.5,0.024,0.105,0.183,0.546,0.182,2022-23
Jaden McDaniels,MIN,22,205.74,83.91452,Washington,USA,2020,1,28,79,12.1,3.9,1.9,2,0.039,0.086,0.156,0.611,0.082,2022-23
Clint Capela,ATL,29,208.28,116.119552,None,Switzerland,2014,1,25,65,12,11,0.9,-1.1,0.142,0.268,0.151,0.656,0.045,2022-23
Marvin Bagley III,DET,24,208.28,106.59412,Duke,USA,2018,1,2,42,12,6.4,0.9,-10.6,0.091,0.179,0.202,0.587,0.058,2022-23
Mike Conley,MIN,35,185.42,79.3786,Ohio State,USA,2007,1,4,67,11.9,2.7,6.7,1.3,0.016,0.075,0.161,0.583,0.295,2022-23
Bones Hyland,LAC,22,187.96,76.657048,Virginia Commonwealth,USA,2021,1,26,56,11.8,2.4,3.1,-5.3,0.019,0.111,0.271,0.535,0.245,2022-23
Lonnie Walker IV,LAL,24,193.04,92.532768,Miami,USA,2018,1,18,56,11.7,1.9,1.1,-7.3,0.011,0.069,0.198,0.57,0.071,2022-23
Zach Collins,SAS,25,210.82,113.398,Gonzaga,USA,2017,1,10,63,11.6,6.4,2.9,-7.5,0.076,0.19,0.209,0.599,0.18,2022-23
Naz Reid,MIN,23,205.74,119.748288,Louisiana State,USA,Undrafted,Undrafted,Undrafted,68,11.5,4.9,1.1,-4.2,0.058,0.205,0.242,0.617,0.098,2022-23
Bruce Brown,DEN,26,193.04,91.625584,Miami,USA,2018,2,42,80,11.5,4.1,3.4,0.8,0.029,0.116,0.174,0.571,0.164,2022-23
Marcus Smart,BOS,29,193.04,99.79024,Oklahoma State,USA,2014,1,6,61,11.5,3.1,6.3,6.3,0.024,0.073,0.176,0.538,0.256,2022-23
Max Strus,MIA,27,195.58,97.52228,DePaul,USA,Undrafted,Undrafted,Undrafted,80,11.5,3.2,2.1,-3.8,0.021,0.097,0.17,0.557,0.115,2022-23
John Wall,LAC,32,190.5,95.25432,Kentucky,USA,2010,1,1,34,11.4,2.7,5.2,-6.6,0.018,0.096,0.259,0.497,0.38,2022-23
Quentin Grimes,NYK,23,195.58,95.25432,Houston,USA,2021,1,25,71,11.3,3.2,2.1,4.4,0.022,0.085,0.142,0.619,0.096,2022-23
Isaiah Stewart,DET,22,203.2,113.398,Washington,USA,2020,1,16,50,11.3,8.1,1.4,-8,0.078,0.202,0.17,0.56,0.073,2022-23
Rui Hachimura,LAL,25,203.2,104.32616,Gonzaga,Japan,2019,1,9,63,11.2,4.5,0.9,-1.2,0.036,0.141,0.194,0.556,0.06,2022-23
Kyle Lowry,MIA,37,182.88,88.904032,Villanova,USA,2006,1,24,55,11.2,4.1,5.1,1.1,0.025,0.112,0.162,0.565,0.233,2022-23
Marcus Morris Sr.,LAC,33,203.2,98.883056,Kansas,USA,2011,1,14,65,11.2,4,1.8,-0.3,0.017,0.127,0.176,0.534,0.09,2022-23
Corey Kispert,WAS,24,198.12,101.604608,Gonzaga,USA,2021,1,15,74,11.1,2.8,1.2,-3.2,0.016,0.082,0.139,0.657,0.056,2022-23
Jeremy Sochan,SAS,20,203.2,104.32616,Baylor,Poland,2022,1,9,56,11,5.3,2.5,-7,0.06,0.14,0.195,0.509,0.132,2022-23
Kentavious Caldwell-Pope,DEN,30,195.58,92.532768,Georgia,USA,2013,1,8,76,10.8,2.7,2.4,9.8,0.016,0.074,0.136,0.598,0.092,2022-23
Mason Plumlee,LAC,33,213.36,115.212368,Duke,USA,2013,1,22,79,10.8,8.9,3.1,-5.9,0.105,0.238,0.149,0.689,0.166,2022-23
Ivica Zubac,LAC,26,213.36,108.86208,None,Croatia,2016,2,32,76,10.8,9.9,1,-0.6,0.114,0.238,0.149,0.661,0.05,2022-23
Jaylen Nowell,MIN,23,193.04,91.171992,Washington,USA,2019,2,43,65,10.8,2.6,2,0,0.028,0.107,0.238,0.527,0.156,2022-23
Victor Oladipo,MIA,31,190.5,96.615096,Indiana,USA,2013,1,2,42,10.7,3,3.5,-1.5,0.014,0.109,0.204,0.513,0.206,2022-23
Talen Horton-Tucker,UTA,22,193.04,106.140528,Iowa State,USA,2019,2,46,65,10.7,3.2,3.8,0.1,0.03,0.117,0.25,0.508,0.274,2022-23
Cam Thomas,BKN,21,190.5,95.25432,Louisiana State,Japan,2021,1,27,57,10.6,1.7,1.4,-1.6,0.009,0.089,0.268,0.567,0.133,2022-23
Jeenathan Williams,POR,24,195.58,92.98636,Buffalo,USA,Undrafted,Undrafted,Undrafted,5,10.6,3,2,-11,0.07,0.039,0.139,0.657,0.1,2022-23
Moritz Wagner,ORL,26,210.82,111.13004,Michigan,Germany,2018,1,25,57,10.5,4.5,1.5,-1.1,0.06,0.172,0.201,0.63,0.115,2022-23
Grayson Allen,MIL,27,193.04,89.811216,Duke,USA,2018,1,21,72,10.4,3.3,2.3,4.9,0.03,0.082,0.143,0.612,0.107,2022-23
Monte Morris,WAS,28,187.96,83.007336,Iowa State,USA,2017,2,51,62,10.3,3.4,5.3,0.1,0.016,0.106,0.155,0.579,0.249,2022-23
Tyus Jones,MEM,27,187.96,88.904032,Duke,USA,2015,1,24,80,10.3,2.5,5.2,2,0.014,0.084,0.175,0.546,0.286,2022-23
Cameron Payne,PHX,28,185.42,83.007336,Murray State,USA,2015,1,14,48,10.3,2.2,4.5,4.1,0.012,0.1,0.239,0.512,0.308,2022-23
Killian Hayes,DET,21,195.58,88.45044,None,France,2020,1,7,76,10.3,2.9,6.2,-10.9,0.012,0.092,0.201,0.455,0.325,2022-23
Patrick Williams,CHI,21,200.66,97.52228,Florida State,USA,2020,1,4,82,10.2,4,1.2,-2.4,0.036,0.107,0.156,0.576,0.059,2022-23
Reggie Jackson,DEN,33,187.96,94.347136,Boston College,USA,2011,1,24,68,10.2,2.1,3.4,-2.2,0.015,0.071,0.205,0.514,0.211,2022-23
Doug McDermott,SAS,31,198.12,102.0582,Creighton,USA,2014,1,11,64,10.2,2.2,1.4,-9.7,0.016,0.085,0.186,0.59,0.098,2022-23
Malaki Branham,SAS,20,193.04,81.64656,Ohio State,USA,2022,1,20,66,10.2,2.7,1.9,-11.1,0.017,0.098,0.188,0.524,0.112,2022-23
De'Anthony Melton,PHI,25,187.96,90.7184,Southern California,USA,2018,2,46,77,10.1,4.1,2.6,2.7,0.034,0.114,0.162,0.566,0.133,2022-23
Aaron Nesmith,IND,23,195.58,97.52228,Vanderbilt,USA,2020,1,14,73,10.1,3.8,1.3,-4.7,0.033,0.119,0.168,0.566,0.073,2022-23
Josh Richardson,NOP,29,198.12,90.7184,Tennessee,USA,2015,2,40,65,10.1,2.7,2.7,-5.2,0.026,0.087,0.18,0.555,0.16,2022-23
Brandon Clarke,MEM,26,203.2,97.52228,Gonzaga,Canada,2019,1,21,56,10,5.5,1.3,0.7,0.079,0.177,0.174,0.681,0.1,2022-23
James Wiseman,DET,22,213.36,108.86208,Memphis,USA,2020,1,2,45,10,5.9,0.7,-17.2,0.084,0.231,0.212,0.589,0.057,2022-23
Onyeka Okongwu,ATL,22,205.74,108.86208,Southern California,USA,2020,1,6,80,9.9,7.2,1,1.8,0.117,0.19,0.15,0.678,0.06,2022-23
Shaedon Sharpe,POR,20,195.58,90.7184,Kentucky,Canada,2022,1,7,80,9.9,3,1.2,-7.6,0.037,0.102,0.186,0.568,0.079,2022-23
Luka Samanic,UTA,23,208.28,102.965384,None,Croatia,2019,1,19,7,9.9,4.3,2.1,-1.7,0,0.161,0.193,0.55,0.115,2022-23
Jalen Suggs,ORL,22,195.58,92.98636,Gonzaga,USA,2021,1,5,53,9.9,3,2.9,-1.3,0.044,0.083,0.196,0.528,0.179,2022-23
Jonathan Kuminga,GSW,20,200.66,102.0582,None,DRC,2021,1,7,67,9.9,3.4,1.9,-1.4,0.052,0.113,0.195,0.597,0.132,2022-23
Thomas Bryant,DEN,25,208.28,112.490816,Indiana,USA,2017,2,42,59,9.8,5.7,0.5,-4.7,0.081,0.223,0.181,0.682,0.042,2022-23
Herbert Jones,NOP,24,200.66,93.439952,Alabama,USA,2021,2,35,66,9.8,4.1,2.5,3.9,0.051,0.089,0.144,0.567,0.108,2022-23
Al Horford,BOS,37,205.74,108.86208,Florida,Dominican Republic,2007,1,3,63,9.8,6.2,3,7.8,0.039,0.159,0.119,0.631,0.128,2022-23
Josh Hart,NYK,28,193.04,97.52228,Villanova,USA,2017,1,30,76,9.8,7.8,3.8,5.9,0.06,0.185,0.124,0.622,0.154,2022-23
Coby White,CHI,23,195.58,88.45044,North Carolina,USA,2019,1,7,74,9.7,2.9,2.8,4,0.009,0.11,0.17,0.572,0.159,2022-23
Cam Reddish,POR,23,200.66,98.429464,Duke,USA,2019,1,10,40,9.7,2.2,1.4,-9,0.017,0.07,0.166,0.561,0.085,2022-23
Keita Bates-Diop,SAS,27,203.2,103.872568,Ohio State,USA,2018,2,48,67,9.7,3.7,1.5,-8.5,0.042,0.13,0.165,0.609,0.099,2022-23
Julian Champagnie,SAS,22,200.66,98.429464,St. John's,USA,Undrafted,Undrafted,Undrafted,17,9.7,3.5,0.6,-10.6,0.027,0.147,0.181,0.6,0.043,2022-23
Caleb Martin,MIA,27,195.58,92.98636,Nevada,USA,Undrafted,Undrafted,Undrafted,71,9.6,4.8,1.6,0,0.044,0.13,0.143,0.571,0.082,2022-23
Isaiah Joe,OKC,23,190.5,74.84268,Arkansas,USA,2020,2,49,73,9.5,2.4,1.2,5.1,0.018,0.108,0.17,0.626,0.087,2022-23
Andrew Nembhard,IND,23,190.5,86.636072,Gonzaga,Canada,2022,2,31,75,9.5,2.7,4.5,-5.9,0.016,0.078,0.159,0.528,0.222,2022-23
Donte DiVincenzo,GSW,26,193.04,92.079176,Villanova,USA,2018,1,17,72,9.4,4.5,3.5,2.9,0.041,0.123,0.146,0.593,0.176,2022-23
Gabe Vincent,MIA,27,187.96,90.7184,California-Santa Barbara,USA,Undrafted,Undrafted,Undrafted,68,9.4,2.1,2.5,-0.7,0.016,0.071,0.17,0.533,0.139,2022-23
Chris Boucher,TOR,30,205.74,90.7184,Oregon,Saint Lucia,Undrafted,Undrafted,Undrafted,76,9.4,5.5,0.4,-1.3,0.094,0.19,0.175,0.59,0.029,2022-23
Kyle Anderson,MIN,29,205.74,104.32616,UCLA,USA,2014,1,30,69,9.4,5.3,4.9,2.3,0.035,0.152,0.143,0.583,0.225,2022-23
Jalen McDaniels,PHI,25,205.74,92.98636,San Diego State,USA,2019,2,52,80,9.4,4.3,1.6,-3.4,0.031,0.145,0.165,0.557,0.094,2022-23
Jalen Smith,IND,23,205.74,97.52228,Maryland,USA,2020,1,10,68,9.4,5.8,1,-3.8,0.093,0.201,0.201,0.565,0.076,2022-23
Michael Jordan,CHI,34,198.12,97.975872,North Carolina,USA,1984,1,3,82,29.6,5.9,4.3,13.4,0.042,0.132,0.331,0.5670000000000001,0.20800000000000002,1996-97
Power Play,CHI,99,231.1,188.975872,Atlantis,The Moon,1000,1,1,1700,29.6,55.9,54.3,93.4,0.5,0.132,0.5,0.8670000000000001,0.80800000000000002,1000-2000

